<!DOCTYPE mapper PUBLIC "-//mybatis.org//DTD Mapper 3.0//EN" "http://mybatis.org/dtd/mybatis-3-mapper.dtd">

<mapper namespace="com.yusael.travels.dao.CityDAO">

    <!--分页查询所有-->
    <select id="findByPage" resultType="City">
        SELECT id, name, placecounts
        FROM t_city
        ORDER BY placecounts
        LIMIT #{start}, #{rows}
    </select>

    <!--查询总条数, 用于计算分页-->
    <select id="findTotals" resultType="Integer">
        SELECT count(id) FROM t_city
    </select>

    <!--省份添加-->
    <insert id="save" parameterType="City" useGeneratedKeys="true" keyProperty="id">
        INSERT INTO t_city VALUES (#{id}, #{name}, #{placecounts})
    </insert>

    <!--省份删除-->
    <delete id="delete" parameterType="String">
        DELETE FROM t_city WHERE id = #{id}
    </delete>

    <!--查询一个-->
    <select id="findOne" resultType="City">
        SELECT id, name,placecounts
        FROM t_city
        WHERE id = #{id}
    </select>

    <!--修改省份信息方法-->
    <update id="update" parameterType="City">
        UPDATE t_city
        SET name = #{name}, placecounts = #{placecounts}
        WHERE id = #{id}
    </update>

</mapper>